{"cameraMode":{"drawMode":0,"name":"Shaded","section":"Shading Mode"},"sceneLighting":false,"audioPlay":false,"sceneViewState":{"m_AlwaysRefresh":false,"showFog":true,"showSkybox":false,"showFlares":true,"showImageEffects":true,"showParticleSystems":true,"showVisualEffectGraphs":true,"m_FxEnabled":true},"in2DMode":false,"pivot":{"x":0.31069809198379519,"y":3.119903326034546,"z":8.16254711151123},"rotation":{"x":-0.0009936450514942408,"y":0.9989848732948303,"z":-0.03328800946474075,"w":-0.029676873236894609},"size":1.1991162300109864,"orthographic":false}