{"cameraMode":{"drawMode":0,"name":"Shaded","section":"Shading Mode"},"sceneLighting":false,"audioPlay":false,"sceneViewState":{"m_AlwaysRefresh":false,"showFog":true,"showSkybox":false,"showFlares":true,"showImageEffects":true,"showParticleSystems":true,"showVisualEffectGraphs":true,"m_FxEnabled":true},"in2DMode":false,"pivot":{"x":48.54548645019531,"y":10.648439407348633,"z":0.0146440789103508},"rotation":{"x":-0.03330318629741669,"y":0.006592986173927784,"z":-0.00021962629398331046,"w":-0.9994257688522339},"size":654.7078857421875,"orthographic":false}